{
    "$schema": "http://schema.management.azure.com/schemas/2015-01-01/deploymentTemplate.json#",
    "contentVersion": "1.0.0.0",
    "parameters": {
        "factoryName": {
            "type": "string",
            "metadata": "Data Factory name",
            "defaultValue": "adfdemovinaynew"
        },
        "AzureBlobStoragelinkedservice_connectionString": {
            "type": "secureString",
            "metadata": "Secure string for 'connectionString' of 'AzureBlobStoragelinkedservice'"
        }
    },
    "variables": {
        "factoryId": "[concat('Microsoft.DataFactory/factories/', parameters('factoryName'))]"
    },
    "resources": [
        {
            "name": "[concat(parameters('factoryName'), '/outputDataset')]",
            "type": "Microsoft.DataFactory/factories/datasets",
            "apiVersion": "2018-06-01",
            "properties": {
                "linkedServiceName": {
                    "referenceName": "AzureBlobStoragelinkedservice",
                    "type": "LinkedServiceReference"
                },
                "annotations": [],
                "type": "Binary",
                "typeProperties": {
                    "location": {
                        "type": "AzureBlobStorageLocation",
                        "fileName": "output2.txt",
                        "folderPath": "output",
                        "container": "adfdemo"
                    }
                }
            },
            "dependsOn": [
                "[concat(variables('factoryId'), '/linkedServices/AzureBlobStoragelinkedservice')]"
            ]
        },
        {
            "name": "[concat(parameters('factoryName'), '/inputDataSet')]",
            "type": "Microsoft.DataFactory/factories/datasets",
            "apiVersion": "2018-06-01",
            "properties": {
                "linkedServiceName": {
                    "referenceName": "AzureBlobStoragelinkedservice",
                    "type": "LinkedServiceReference"
                },
                "annotations": [],
                "type": "Binary",
                "typeProperties": {
                    "location": {
                        "type": "AzureBlobStorageLocation",
                        "fileName": "linux-for-devops.pem",
                        "folderPath": "inputfolder",
                        "container": "adfdemo"
                    }
                }
            },
            "dependsOn": [
                "[concat(variables('factoryId'), '/linkedServices/AzureBlobStoragelinkedservice')]"
            ]
        },
        {
            "name": "[concat(parameters('factoryName'), '/AzureBlobStoragelinkedservice')]",
            "type": "Microsoft.DataFactory/factories/linkedServices",
            "apiVersion": "2018-06-01",
            "properties": {
                "annotations": [],
                "type": "AzureBlobStorage",
                "typeProperties": {
                    "connectionString": "[parameters('AzureBlobStoragelinkedservice_connectionString')]"
                }
            },
            "dependsOn": []
        },
        {
            "name": "[concat(parameters('factoryName'), '/pipeline1')]",
            "type": "Microsoft.DataFactory/factories/pipelines",
            "apiVersion": "2018-06-01",
            "properties": {
                "activities": [
                    {
                        "name": "Copy data1",
                        "type": "Copy",
                        "dependsOn": [],
                        "policy": {
                            "timeout": "0.12:00:00",
                            "retry": 0,
                            "retryIntervalInSeconds": 30,
                            "secureOutput": false,
                            "secureInput": false
                        },
                        "userProperties": [],
                        "typeProperties": {
                            "source": {
                                "type": "BinarySource",
                                "storeSettings": {
                                    "type": "AzureBlobStorageReadSettings",
                                    "recursive": true
                                },
                                "formatSettings": {
                                    "type": "BinaryReadSettings"
                                }
                            },
                            "sink": {
                                "type": "BinarySink",
                                "storeSettings": {
                                    "type": "AzureBlobStorageWriteSettings"
                                }
                            },
                            "enableStaging": false
                        },
                        "inputs": [
                            {
                                "referenceName": "inputDataSet",
                                "type": "DatasetReference",
                                "parameters": {}
                            }
                        ],
                        "outputs": [
                            {
                                "referenceName": "outputDataset",
                                "type": "DatasetReference",
                                "parameters": {}
                            }
                        ]
                    }
                ],
                "policy": {
                    "elapsedTimeMetric": {}
                },
                "annotations": [],
                "lastPublishTime": "2024-06-24T08:59:45Z"
            },
            "dependsOn": [
                "[concat(variables('factoryId'), '/datasets/inputDataSet')]",
                "[concat(variables('factoryId'), '/datasets/outputDataset')]"
            ]
        }
    ]
}